﻿<metadata>
  <idinfo>
    <citation>
      <citeinfo>
        <origin>Department of Water Resources, Division of Integrated Regional Water Management, North Central Region Office, Bathymetry and Technical Support, Shawn Mayr, Senior Engineer</origin>
        <pubdate>20140722</pubdate>
        <title>SacramentoRvr_at_GeorgianaSlu2014_0617</title>
        <edition>Original</edition>
        <geoform>Raster Digital Data</geoform>
        <serinfo>
          <sername>CA-DWR NCRO Delta Bathymetry</sername>
          <issue>Georgiana Slough June 2014</issue>
        </serinfo>
      </citeinfo>
    </citation>
    <descript>
      <abstract>The California Department of Water Resources (CA-DWR), North Central Region Office (NCRO), Bathymetry and Technical Support Section conducted a bathymetric survey at Georgiana Slough, Delta Cross Channel, and the Sacramento River. Data was collected for the Bay Delta Office (BDO) for the continuing fish barrier work at Georgiana Slough. The survey took place on June 16 and 17, 2014 using multibeam sonar technology. The data were positionally corrected with RTK GPS to conform with the NAD83 (California State Plane Zone II coordinate system) and NAVD88 (GEOID 2012A) datums. The final density level of the multibeam data points is a 1 foot grid.</abstract>
      <purpose>This bathymetric dataset is intended to be used as a base component of studies in the Sacramento-San Joaquin Delta.</purpose>
      <supplinf>Equipment and Methodology 

NCRO's multibeam bathymetry and positioning systems are composed of the following items: 

Multibeam Sonar Bathymetry System: 

• R2Sonic 2022 Multibeam Echo Sounder, 
• Applanix POS MV WaveMaster - Inertial Measurement Unit (IMU),
• Odom Hydrographic Digibar Pro Sound Velocimeter,
• Valeport Mini SVS Sound Velocimeter, and
• Oquawka 2072 Vessel

 RTK Positioning System:

 • Trimble R-8 GNSS GPS Real Time Kinematic (RTK) positioning system, and
 • Trimble TDL 450L Radio 

Field Practices: 
Field calibration tests (including multibeam patch tests, sound velocity readings, and RTK GPS observations) were regularly performed in order to ensure data quality and positional accuracy. Multibeam data were collected aboard an Oquawka 2072 Vessel and recorded using Hypack Hydrographic Survey software (Hypack). Data were processed using either Caris or Hypack, exported as XYZ text files, and imported as a raster in a geodatabase using ArcGIS software. For more detailed information please see the Data Qualtity Section.</supplinf>
    </descript>
    <timeperd>
      <timeinfo>
        <rngdates>
          <begdate>20140616</begdate>
          <enddate>20140617</enddate>
        </rngdates>
      </timeinfo>
      <current>The Sacramento River at the confluence of the Georgiana Slough near Walnut Grove, CA</current>
    </timeperd>
    <status>
      <progress>Complete</progress>
      <update>As needed</update>
    </status>
    <spdom>
      <bounding>
        <westbc>-121.529921</westbc>
        <eastbc>-121.503761</eastbc>
        <northbc>38.259452</northbc>
        <southbc>38.232755</southbc>
      </bounding>
    </spdom>
    <keywords>
      <theme>
        <themekt>ISO 19115 Topic Categories</themekt>
        <themekey>Elevation</themekey>
        <themekey>Sonar</themekey>
        <themekey>Bathymetry</themekey>
        <themekey>Multibeam</themekey>
      </theme>
      <place>
        <placekt>None</placekt>
        <placekey>Sacramento - San Joaquin Delta, CA, Sacramento River, Georgiana Slough, Walnut Grove, Delta Cross Channel</placekey>
      </place>
      <temporal>
        <tempkt>None</tempkt>
        <tempkey>June 16, June 17, 2014</tempkey>
      </temporal>
    </keywords>
    <accconst>None</accconst>
    <useconst>Not for use as a navigation aid. Do not share or publish this data without including proper attribution.</useconst>
    <ptcontac>
      <cntinfo>
        <cntorgp>
          <cntorg>Department of Water Resources, Division of Integrated Regional Water Management, North Central Region Office, Bathymetry and Technical Support</cntorg>
          <cntper>Shawn Mayr</cntper>
        </cntorgp>
        <cntpos>Senior Engineer</cntpos>
        <cntaddr>
          <addrtype>physical</addrtype>
          <address>3500 Industrial Blvd.</address>
          <city>West Sacramento</city>
          <state>CA</state>
          <postal>95691</postal>
          <country>US</country>
        </cntaddr>
        <cntvoice>916-376-9664</cntvoice>
        <cntemail>Shawn.Mayr@water.ca.gov</cntemail>
        <hours>8AM-5PM Weekdays</hours>
        <cntinst>Call or Email</cntinst>
      </cntinfo>
    </ptcontac>
    <datacred>California Department of Water Resources, Division of Integrated Regional Water Management, North Central Region Office, Bathymetry and Technical Support Section.</datacred>
    <native>Microsoft Windows 7 Version 6.1 (Build 7601) Service Pack 1; Esri ArcGIS 10.2.0.3348</native>
  </idinfo>
  <dataqual>
    <attracc>
      <attraccr>Elevations are generally believed to be characteristic of the channel bed; however, in some heavily vegetated areas, these data may be more indicative of the elevation of the submerged vegetation, rather than the “bare earth” surface. In deeper areas with low visibility, this discrepancy may not be immediately apparent. “Noisy” patterns in the data are investigated during data processing using Hypack Software. These patterns may signify dense submerged vegetation and are typically filtered.</attraccr>
      <qattracc>
        <attracce>Ground truth measurements were taken to verify that the positioning and sonar instrumentation were functioning properly. Prior to the survey each day, DWR NCRO staff set up a base station RTK GPS on NCRO's temporary monumnet, GeoSl Temp. The proper functioning of the RTK system was verified by daily surveying of several known locations. The observed values were compared with the established values and if inconsistency was discovered, adjustments were made.</attracce>
      </qattracc>
    </attracc>
    <logic>These data are collected using advanced multibeam sonar and Real Time Kinematic (RTK) GPS technologies. They are believed to be logically consistent.</logic>
    <complete>During the survey, areas near the water's edge and areas of shallow water depth were occasionally occupied by aquatic vegetation. Dense aquatic vegetation interferes with the sounder's ability to record reliable bathymetric information. Therefore, in order to properly represent the bathymetry of the entire channel, elevation data in most areas of the channel occupied by dense aquatic vegetation were omitted from the final data set and appear as gaps in the data.</complete>
    <posacc>
      <horizpa>
        <horizpar>Ground truth measurements were taken each day of the survey to verify that the positioning and sonar instrumentation were functioning properly. DWR NCRO did not experience any positional inconsistency with the information broadcasted by the base station GPS other than the inherent error of the Trimble R-8 RTK GPS: Horizontal Error 10mm + 1 ppm RMS. Error induced by motion of the vessel was corrected using the Applanix POS MV Wavemaster System. The documented error for the POS MV System is :
• Horizontal Position +/- (8 mm + 1 ppm x baseline length) 
• Roll and Pitch 0.02°
• Heave 5 cm or 5%</horizpar>
        <qhorizpa>
          <horizpav>10mm + 1 ppm RMS</horizpav>
          <horizpae>Ground truth measurements were taken to verify that the positioning and sonar instrumentation were functioning properly. Prior to the survey each day, DWR NCRO staff set up a base station RTK GPS on a nearby monument. The proper functioning of the RTK system was verified by daily surveying of several known locations. The observed values were compared with the established values and if inconsistency was discovered, adjustments were made.</horizpae>
        </qhorizpa>
      </horizpa>
      <vertacc>
        <vertaccr>DWR NCRO did not experience any positional inconsistency with the information broadcasted by the base station GPS other than the inherent error of the Trimble R-8 RTK GPS: Vertical Error 20mm + 1 ppm RMS. Error introduced from the motion of the vessel was corrected using the Applanix POS MV Wavemaster System. The documented error for the POS MV System is :
• Vertical Position +/- (15 mm + 1 ppm x baseline length)
• Roll and Pitch 0.02° 
• Heave 5 cm or 5%</vertaccr>
        <qvertpa>
          <vertaccv>20mm + 1 ppm RMS</vertaccv>
          <vertacce>Ground truth measurements were taken to verify that the positioning and sonar instrumentation were functioning properly. Prior to the survey each day, DWR NCRO staff set up a base station RTK GPS on a nearby monument. The proper functioning of the RTK system was verified by daily surveying of several known locations. The observed values were compared with the established values and if inconsistency was discovered, adjustments were made.</vertacce>
        </qvertpa>
      </vertacc>
    </posacc>
    <lineage>
      <srcinfo>
        <typesrc>None</typesrc>
        <srccontr>This is an original dataset produced by the California Department of Water Resources, Division of Integrated Regional Water Management, North Central Region Office, Bathymetry and Technical Support Section. Hypack Hydrographic Survey software is the data collecting and processing software used by DWR NCRO to collect bathymetric data.</srccontr>
      </srcinfo>
      <procstep>
        <procdesc>Raw multibeam data requires processing to become useable. Because of the significant computing resources needed for processing, the field crew breaks down the river stretch to be surveyed into manageable sections of approximately 1 hour of logged measuring time. Each section overlaps slightly to prevent missing data. After the survey, initial multibeam processing is performed with either Caris or Hysweep Editor within Hypack’s Hydrographic Survey software suite. One section of river is loaded at a time into the HYSWEEP Editor where calibration parameters are checked for accuracy and correctness. Erroneous data is then filtered out by the hydrographer. After all the sections collected during a day are reviewed and processed within Hysweep, they are combined together to create a single 1x1 or 3x3 foot grid for that day and exported to a daily XYZ text file. The daily text files are then brought into ESRI ArcGIS and further combined to create a final raster grid of the entire project area and reviewed for consistency. Metadata are established and the data are stored. The multibeam processing was completed in June 2014.</procdesc>
        <procdate>20140617</procdate>
        <proccont>
          <cntinfo>
            <cntorgp>
              <cntorg>Department of Water Resources, Division of Integrated Regional Water Management, North Central Region Office, Bathymetry and Technical Services</cntorg>
              <cntper>Scott Flory</cntper>
            </cntorgp>
            <cntpos>Environmental Scientist</cntpos>
            <cntaddr>
              <addrtype>physical</addrtype>
              <address>3500 Industrial Blvd</address>
              <city>West Sacramento</city>
              <state>CA</state>
              <postal>95691</postal>
              <country>US</country>
            </cntaddr>
            <cntvoice>916-376-9603</cntvoice>
            <cntfax>916-376-9676</cntfax>
            <cntemail>Scott.Flory@water.ca.gov</cntemail>
            <hours>6AM-4:30PM Mon-Thur.</hours>
          </cntinfo>
        </proccont>
      </procstep>
    </lineage>
  </dataqual>
  <spdoinfo>
    <direct>Raster</direct>
    <rastinfo>
      <rasttype>Grid Cell</rasttype>
      <rowcount>9683</rowcount>
      <colcount>7462</colcount>
      <vrtcount>50</vrtcount>
    </rastinfo>
  </spdoinfo>
  <spref>
    <horizsys>
      <planar>
        <mapproj>
          <mapprojn>NAD 1983 StatePlane California II FIPS 0402 Feet</mapprojn>
          <lambertc>
            <stdparll>38.33333333333334</stdparll>
            <stdparll>39.83333333333334</stdparll>
            <longcm>-122.0</longcm>
            <latprjo>37.66666666666666</latprjo>
            <feast>6561666.666666666</feast>
            <fnorth>1640416.666666667</fnorth>
          </lambertc>
        </mapproj>
        <planci>
          <plance>coordinate pair</plance>
          <coordrep>
            <absres>0.000000027039137595608057</absres>
            <ordres>0.000000027039137595608057</ordres>
          </coordrep>
          <plandu>foot_us</plandu>
        </planci>
      </planar>
      <geodetic>
        <horizdn>D North American 1983</horizdn>
        <ellips>GRS 1980</ellips>
        <semiaxis>6378137.0</semiaxis>
        <denflat>298.257222101</denflat>
      </geodetic>
    </horizsys>
  </spref>
  <eainfo>
    <overview>
      <eaover>The pixel values in this raster dataset correspond to the elevation or z-value in the NAVD88 datum. Each cell contains one attribute value and location coordinates.</eaover>
      <eadetcit>ESRI</eadetcit>
    </overview>
  </eainfo>
  <distinfo>
    <distrib>
      <cntinfo>
        <cntorgp>
          <cntorg>Department of Water Resources, Division of Integrated Regional Water Management, North Central Region Office, Bathymetry and Technical Support</cntorg>
          <cntper>Shawn Mayr</cntper>
        </cntorgp>
        <cntpos>Senior Engineer</cntpos>
        <cntaddr>
          <addrtype>physical</addrtype>
          <address>3500 Industrial Blvd</address>
          <city>West Sacramento</city>
          <state>CA</state>
          <postal>95691</postal>
          <country>US</country>
        </cntaddr>
        <cntvoice>916-376-9664</cntvoice>
        <cntemail>Shawn.Mayr@water.ca.gov</cntemail>
        <hours>8AM-5PM Mon-Fri</hours>
        <cntinst>Call or email</cntinst>
      </cntinfo>
    </distrib>
    <distliab>The Department of Water Resources makes no warranties or guarantees, either expressed or implied, as to the completeness, accuracy or correctness of the data, nor accepts or assumes any liability arising from or for any incorrect, incomplete or misleading subject data.The official DWR GIS Data Steward for this dataset is Shawn Mayr, who may be contacted at 916-376-9664, or at Shawn.Mayr@water.ca.gov. Comments, problems, improvements, updates, or suggestions should be forwarded to the official GIS Data Steward.</distliab>
    <stdorder>
      <digform>
        <digtinfo>
          <formname>XYZ</formname>
          <formvern>Text File</formvern>
        </digtinfo>
      </digform>
      <fees>To be determined.</fees>
      <ordering>Call or email data request.</ordering>
    </stdorder>
  </distinfo>
  <metainfo>
    <metd>20150109</metd>
    <metc>
      <cntinfo>
        <cntorgp>
          <cntorg>Department of Water Resources, Division of Integrated Regional Water Management, North Central Region Office, Bathymetry and Technical Support</cntorg>
          <cntper>Amy Zuber</cntper>
        </cntorgp>
        <cntpos>Environmental Scientist</cntpos>
        <cntaddr>
          <addrtype>physical</addrtype>
          <address>3500 Industrial Blvd</address>
          <city>West Sacramento</city>
          <state>CA</state>
          <postal>95691</postal>
          <country>US</country>
        </cntaddr>
        <cntvoice>916-376-1927</cntvoice>
        <cntemail>Amy.Zuber@water.ca.gov</cntemail>
      </cntinfo>
    </metc>
    <metstdn>FGDC Content Standard for Digital Geospatial Metadata</metstdn>
    <metstdv>FGDC-STD-001-1998</metstdv>
    <mettc>local time</mettc>
  </metainfo>
</metadata>